Reports are limited to 10000 records
ENTITY NAME,PAYEE NAME,POSTING DATE,AMOUNT,FISCAL YEAR,TRANSACTION ID,DESC,REFERENCE ID,TYPE,TITLE,CONTRACT NAME,CONTRACT NUMBER,ORG1,ORG2,ORG3,ORG4,ORG5,ORG6,ORG7,ORG8,ORG9,ORG10,CAT1,CAT2,CAT3,CAT4,CAT5,CAT6,CAT7,FUND1,FUND2,FUND3,FUND4,PERSON ID
"State of Arizona","N/A","07/01/2014","33.47","2015","AAA20140701L9990015911501","A TAX IMPOSED ON EACH GALLON OF MOTOR VEHICLE FUEL","","Revenue","","","","DEPT OF TRANSPORTATION","","","","","","","","","","TAXES","MOTOR VEHICLE AND FUEL TAXES","MOTOR VEHICLE FUEL TAX","","","","","ADOT MVD CLEARING FUND","ADOT MVD CLEARING FUND","","","N/A"
"State of Arizona","N/A","07/01/2014","110.65","2015","AAA20140701L9990122611501","A TAX IMPOSED ON EACH GALLON OF MOTOR VEHICLE FUEL","","Revenue","","","","DEPT OF TRANSPORTATION","","","","","","","","","","TAXES","MOTOR VEHICLE AND FUEL TAXES","MOTOR VEHICLE FUEL TAX","","","","","ADOT MVD CLEARING FUND","ADOT MVD CLEARING FUND","","","N/A"
"State of Arizona","N/A","07/10/2014","-143923.5","2015","AAA20140710G5550000211501","A TAX IMPOSED ON EACH GALLON OF MOTOR VEHICLE FUEL","","Revenue","","","","DEPT OF TRANSPORTATION","","","","","","","","","","TAXES","MOTOR VEHICLE AND FUEL TAXES","MOTOR VEHICLE FUEL TAX","","","","","ADOT MVD CLEARING FUND","ADOT MVD CLEARING FUND","","","N/A"
"State of Arizona","N/A","07/10/2014","-50412.29","2015","AAA20140710G5560000211501","A TAX IMPOSED ON EACH GALLON OF MOTOR VEHICLE FUEL","","Revenue","","","","DEPT OF TRANSPORTATION","","","","","","","","","","TAXES","MOTOR VEHICLE AND FUEL TAXES","MOTOR VEHICLE FUEL TAX","","","","","ADOT MVD CLEARING FUND","ADOT MVD CLEARING FUND","","","N/A"
"State of Arizona","N/A","07/21/2014","-46400.04","2015","AAA20140721G5550000211501","A TAX IMPOSED ON EACH GALLON OF MOTOR VEHICLE FUEL","","Revenue","","","","DEPT OF TRANSPORTATION","","","","","","","","","","TAXES","MOTOR VEHICLE AND FUEL TAXES","MOTOR VEHICLE FUEL TAX","","","","","ADOT MVD CLEARING FUND","ADOT MVD CLEARING FUND","","","N/A"
"State of Arizona","N/A","07/21/2014","-147776.75","2015","AAA20140721G5560000211501","A TAX IMPOSED ON EACH GALLON OF MOTOR VEHICLE FUEL","","Revenue","","","","DEPT OF TRANSPORTATION","","","","","","","","","","TAXES","MOTOR VEHICLE AND FUEL TAXES","MOTOR VEHICLE FUEL TAX","","","","","ADOT MVD CLEARING FUND","ADOT MVD CLEARING FUND","","","N/A"
"State of Arizona","N/A","07/17/2014","19.97","2015","DTA20140717G5690017611501","MONIES EARNED FROM RENTALS INCLUDING LAND, BUILDINGS, EQUIPMENT, ETC.","","Revenue","","","","DEPT OF TRANSPORTATION","","","","","","","","","","OTHER REVENUE","MISCELLANEOUS REVENUE","RENTAL INCOME","","","","","TRANSPORTATION DEPARTMENT EQUIPMENT FUND","TRANSPORTATION EQUIPMENT REVOLVING FUND","","","N/A"
"State of Arizona","N/A","07/17/2014","6.45","2015","DTA20140717G5690017811501","MONIES EARNED FROM RENTALS INCLUDING LAND, BUILDINGS, EQUIPMENT, ETC.","","Revenue","","","","DEPT OF TRANSPORTATION","","","","","","","","","","OTHER REVENUE","MISCELLANEOUS REVENUE","RENTAL INCOME","","","","","TRANSPORTATION DEPARTMENT EQUIPMENT FUND","TRANSPORTATION EQUIPMENT REVOLVING FUND","","","N/A"
"State of Arizona","N/A","07/17/2014","441.38","2015","DTA20140717G5690018011501","MONIES EARNED FROM RENTALS INCLUDING LAND, BUILDINGS, EQUIPMENT, ETC.","","Revenue","","","","DEPT OF TRANSPORTATION","","","","","","","","","","OTHER REVENUE","MISCELLANEOUS REVENUE","RENTAL INCOME","","","","","TRANSPORTATION DEPARTMENT EQUIPMENT FUND","TRANSPORTATION EQUIPMENT REVOLVING FUND","","","N/A"
"State of Arizona","N/A","07/17/2014","476.3","2015","DTA20140717G5690018211501","MONIES EARNED FROM RENTALS INCLUDING LAND, BUILDINGS, EQUIPMENT, ETC.","","Revenue","","","","DEPT OF TRANSPORTATION","","","","","","","","","","OTHER REVENUE","MISCELLANEOUS REVENUE","RENTAL INCOME","","","","","TRANSPORTATION DEPARTMENT EQUIPMENT FUND","TRANSPORTATION EQUIPMENT REVOLVING FUND","","","N/A"
"State of Arizona","N/A","07/17/2014","976.6","2015","DTA20140717G5690018411501","MONIES EARNED FROM RENTALS INCLUDING LAND, BUILDINGS, EQUIPMENT, ETC.","","Revenue","","","","DEPT OF TRANSPORTATION","","","","","","","","","","OTHER REVENUE","MISCELLANEOUS REVENUE","RENTAL INCOME","","","","","TRANSPORTATION DEPARTMENT EQUIPMENT FUND","TRANSPORTATION EQUIPMENT REVOLVING FUND","","","N/A"
"State of Arizona","N/A","07/17/2014","44.23","2015","DTA20140717G5690018611501","MONIES EARNED FROM RENTALS INCLUDING LAND, BUILDINGS, EQUIPMENT, ETC.","","Revenue","","","","DEPT OF TRANSPORTATION","","","","","","","","","","OTHER REVENUE","MISCELLANEOUS REVENUE","RENTAL INCOME","","","","","TRANSPORTATION DEPARTMENT EQUIPMENT FUND","TRANSPORTATION EQUIPMENT REVOLVING FUND","","","N/A"

This data set has been limited and may not reflect all of the data in your original search criteria.
