<?xml version="1.0" encoding="UTF-8"?>
<project-private xmlns="http://www.netbeans.org/ns/project-private/1">
    <editor-bookmarks xmlns="http://www.netbeans.org/ns/editor-bookmarks/2" lastBookmarkId="0"/>
    <open-files xmlns="http://www.netbeans.org/ns/projectui-open-files/2">
        <group>
            <file>file:/C:/Users/reetiepo/Documents/NetBeansProjects/CategoryManager/src/java/CategoryAddition.java</file>
            <file>file:/C:/Users/reetiepo/Documents/NetBeansProjects/CategoryManager/web/ConfirmCategory.xhtml</file>
            <file>file:/C:/Users/reetiepo/Documents/NetBeansProjects/CategoryManager/web/index.xhtml</file>
            <file>file:/C:/Users/reetiepo/Documents/NetBeansProjects/CategoryManager/web/CategoryStored.xhtml</file>
        </group>
    </open-files>
</project-private>
